name,count
Aurianna,1957
Lorand,953
Evangeline,1489
Tessa,1546
Stepan,1200
Lono,1106
Artturi,1711
Rezso,1038
Delaney,1682
Xiao-ping,982
Sela,873
Denzel,1045
Gaynor,1468
Engelbert,1619
Jazlyn,1447
Winchell,589
Agnieszka,1241
Eva,791
Elisa,1160
Jagger,435
Hoshea,333
Hernando,1906
Shaquan,572
Tadaaki,785
Didier,959
Meridian,1227
Beyza,1866
Linton,500
Kahlil,1351
Rehor,288
Tecumseh,1482
Kim,343
Shay,305
Ferdinanda,1293
Georgette,841
Frantiska,461
Dunham,1702
Gyda,827
Renate,139
Sang,1565
Lorien,1420
Gaige,1171
Santiago,1042
Hammond,848
Paloma,465
Thyra,193
Linnea,1843
Brecht,863
Abbe,1961
Tia,218
Rafiq,1595
Gussie,152
Annabel,645
Shirin,906
Pyrrhus,1686
Jones,852
Elvin,699
Jenny,107
Fanni,1624
Ptolemy,764
Selma,1519
Madhava,1287
Afua,1701
Huberta,536
Ingemar,324
Ormond,808
Fred,564
Hammett,398
Dionisia,902
Carlito,870
Aurelianus,504
Jitinder,1973
Deron,201
Jonah,990
Sohvi,285
Travis,713
Everhard,1823
King,807
Hillel,1871
Elise,1709
Joy,604
Leeman,475
Kehaulani,892
Marcella,566
Welsh,908
Nita,1028
Harvey,338
Colum,1508
Walton,1102
Vavrinec,1919
Darold,463
Piotr,144
Apinya,396
Rebekka,1261
Tron,1387
Farley,1095
Canute,132
Aman,447
Ewing,1308
Aiyana,1859
Dagny,1977
Tua,1352
Due,637
Belton,1153
Stas,691
Yardley,1640
Janek,1040
Krzysztof,1096
Rei,931
Svend,1910
Neve,1557
Aeneas,279
Tsubasa,842
Ibrahim,1959
Naak,910
Chastity,263
Cuitlahuac,786
Lorinda,325
Stian,778
Amelio,925
Truman,1297
Galip,759
Kivi,986
Lucja,1523
Manley,499
Asiah,1854
Iwalani,208
Jon,1435
Kana,731
Zemel,599
Annushka,1019
Jelena,1305
Ashlyn,1276
Sheryl,1034
Nichelle,326
Cosmo,1300
Indu,1664
Hege,1795
Shanika,721
Yejide,1921
Berko,1943
Naima,421
Ciara,1310
Cleary,725
Gillian,375
Emmett,951
Quincy,1743
Kazue,542
Gaspar,434
Ahab,1008
Jehoshaphat,929
Piper,1478
Greetje,1806
Seung,291
Arlie,537
Elda,1947
Teal,1101
Vanna,997
Kemp,1802
Michelangelo,1197
Klahan,1680
Kenya,141
Ho,1041
Hanh,1627
Quigley,265
Alta,799
Eulalia,754
Charlene,765
Olsen,177
Aqila,1362
Wilmot,853
Pascale,1736
Vernon,1534
Delta,1193
Nahia,1196
Mikolas,1660
Nemesis,616
Pakpao,1789
Babette,1157
Rutna,1319
Paola,405
Reuel,688
Donoma,598
Naowarat,669
Jalil,983
Gull,254
Guido,927
Lawford,243
Ivan,329
Berta,611
Graydon,1890
Bach,526
Kirstine,574
Jimena,1496
Jindrich,446
Serenity,115
Jarrett,979
Mohammad,942
Myla,1480
Digna,871
Broderick,779
Gulzar,250
Anton,652
Maryjo,1061
Ahe,1512
Andris,1088
Ova,318
Jock,1563
Ester,860
Erico,1654
Iskander,276
Mikula,889
Joan,1452
Zeus,1526
Heck,1537
Helmi,1357
Aart,457
Altman,1533
Concepcion,570
Jelena,1006
Elvan,351
Vaughn,1117
Kawelo,289
Akhila,631
Kenan,1133
Daru,1932
Beathag,1930
Dan,591
Gualter,944
Indiana,1662
Kramer,1511
Abilene,1865
Kimber,1407
Konstantyn,1594
Nicodemus,1131
Heller,618
Eira,1051
Bleu,369
Gotam,1414
Juliska,909
Childers,1593
Minta,361
Krzysztof,839
Aristides,748
Sorcha,1031
Malin,1987
Fairy,332
Trista,1521
Leopolda,1048
Tiffany,1862
Marshall,1927
Pasi,1027
Olavo,1264
Neacel,280
Gabe,876
Bijou,1953
Tarben,955
Fatima,891
Egemen,636
Sanem,238
Gormlaith,1671
Cille,501
Arizona,1125
Manon,1861
Reed,1232
Beatrix,1067
Jolanta,1730
Hosni,958
Merna,1809
Aart,1896
Ellis,1852
Barbra,212
Charleston,617
Luigi,1465
Theodore,429
Kamaria,467
Zavanna,847
Chuks,1403
Howell,553
Rowan,1667
Rihanna,1841
Freda,1613
Charlotte,1699
Robert,844
Brita,622
Dacey,1271
Newman,393
Chance,1494
Torhild,1505
Alessandra,1608
Meridian,1339
Morpheus,1046
Primavera,538
Lale,1747
Titus,654
Lovise,1541
Cumhur,1483
Amoz,943
Liv,1281
Deri,1275
Cleary,221
Whistler,1164
Burton,151
Mukesh,1894
Gunvor,1725
Emerson,224
Yeong,674
Hartley,1334
Volker,495
Shipley,957
Callan,1844
Reanna,1059
Roberto,775
Abelardo,422
Dunham,568
Fife,682
Beverly,823
Cesar,415
Makanui,539
Syntyche,701
Hippocrates,762
Aliza,1940
Gary,995
Mia,836
Ricarda,1396
Tanet,702
Socrates,914
Keiler,1492
Eeva,797
Riyad,1060
Zyanya,451
Tue,1199
Barbora,1764
Yo,252
Alison,1430
Antiman,385
Rocco,851
Kulap,134
Narciso,409
Fereydoon,787
Mack,736
Stede,833
America,1280
Suellen,1581
Detlef,1555
Abby,474
Signe,439
Slava,545
Sora,1135
Talin,1377
Hermione,681
Ichabod,1984
Tiara,524
Niels,1269
Muirne,1052
Tashaun,1029
Tarben,1112
Palle,709
Eevi,939
Diane,565
Amethyst,1807
Sture,1448
Khalil,1885
Willow,1450
Madlenka,643
Essence,1560
Jovani,1914
Cecil,1544
Cloe,365
Kaley,323
Cili,1761
Derek,1928
Graden,1771
Piti,1580
Moshe,663
Albrecht,1073
Arlington,397
Octavia,156
Olle,1635
Javon,509
Eric,242
Klara,169
Brandy,1716
Ziggy,1252
Grey,556
Jacomina,1655
Baldrick,1757
Buddy,1376
Lear,802
Armstrong,1979
Walenty,1437
Clive,347
Waiola,1504
Kareem,877
Prunella,882
Jacinto,1656
Hector,932
Justice,275
Nirmala,1202
Bernardine,197
Durant,1453
Bryan,1814
Connie,1136
Dryden,803
Archie,1219
Wellington,1181
Umberto,1501
Porfirio,479
Kenyon,1460
Evron,432
Serafino,1822
Borden,1623
Rollo,1069
Julinha,1951
Gaines,690
Bluma,665
Radcliff,1524
Handy,1206
Aldemar,404
Beste,1742
Carlson,464
Mandy,1729
Verona,270
Zena,600
Claudia,1708
Torhild,240
Agnete,627
Aadolf,901
Paris,1323
Marsden,868
Joon,749
Zowie,1683
Sidonius,373
Jeronimo,1603
Aveline,1564
Mala,913
Andela,259
Radford,934
Juwaun,485
Aries,1838
Markel,392
Gaylord,1250
Leannan,204
Camille,1012
Kaleo,1139
Nico,110
Tennant,222
Teague,384
Well,1098
Estefan,771
Ferit,625
Donnagan,1968
Maryam,292
Chelle,286
Dinah,1260
Imani,1080
Kainalu,1072
Pavel,1023
Anatolio,1548
Rock,717
Kolya,626
Watts,968
Jamar,1316
Mikaela,560
Bahman,1189
Perl,1127
Ruta,1477
Dolan,881
Marigold,1224
Tasia,153
Donatas,1675
Mannix,1167
Shell,956
Avery,1093
Kofi,1066
Jekaterina,1842
Krysia,1599
Rei,1049
Nilda,1145
Mindy,200
Warden,407
Dacey,496
Nuha,1475
Antero,1547
Jones,711
Brando,247
Nasr,821
Alecia,123
Bradburn,1217
Jamon,1834
Alojzy,930
Iveta,894
Ackerley,1734
Sheffield,1089
Zavier,1616
Elroy,1090
Inger,752
Finn,1369
Aubrey,544
Kassim,308
